client_id,client_name,relationship_manager,tgt_bk_hash,tgt_t1_hash,tgt_t2_hash
iayatlkx,hgaejbex,pkczlbnh,guucnmuj,fgvuximw,mfwusnyf
muelqtpj,,hkshmytt,wkxuklwd,kakpqfkk,rubsgwhc
puhdrzke,hzcepiuy,uiorwzio,bcduujfy,uujgpxvi,pmxjlnhd
,,jthpabmm,wazumqms,gsvzximy,yyhreysr
esgstfwr,rrnwbhca,gebgmdtn,zwhlmxor,liirwrco,gjnnyemp
gibkpvqq,gllmswpn,rtbmecnf,kkhunzmt,rghhsmdm,amgqbonl
sgricjud,vzxqnyjb,xoisiskw,oaxueihu,vgfbdobl,qernsnpm
,lqpcaani,eyrsnohh,beuqvups,copzlney,pcigdyyi
tuieeaxv,ezjebuic,kaiebrts,jfbrgybn,,uoupgmqs
ybatvlrh,yyynlkam,clehczyn,sghxmkzs,nswclxmf,tsxnyxhe
